provider,utility_account,erau_account,building_id,account_name,gas_meter_id,rate_schedule,usage_group,cost_component,end_use,usage_authoritative,include_in_site_eui,active,notes
TECO,221009610710,22185-7460,Building 155,"DORM #1, BLDG #155",SN008777,General Service 2 (GS2),GAS-B155-1,Bundled / Utility,Building,true,true,true,
TECO,221009611510,22185-7460,Building 201,NEW RESIDENCE HALL - PHASE 2,ZTQ00169,General Service 2 (GS2),GAS-B201-1,Bundled / Utility,Building,true,true,true,
TECO,221009611536,22185-7460,Building 221,APOLLO HALL,ANX13788,General Service 2 - Transportation,GAS-B221-1,Utility / Delivery,Building,true,true,true,Paired with Gas South account; usage is de-duplicated by usage group.
GAS SOUTH,5400595608,22185-7460,Building 221,APOLLO HALL,ANX13788,,GAS-B221-1,Supplier / Commodity,Building,false,true,true,Paired with TECO account; therms are not added twice.
TECO,221009611544,22185-7460,Building 241,DOOLITTLE HALL,ANX05420,General Service 1 (GS1),GAS-B241-1,Utility / Delivery,Building,true,true,true,Paired with Gas South account; usage is de-duplicated by usage group.
GAS SOUTH,9852653823,22185-7460,Building 241,DOOLITTLE HALL,ANX05420,,GAS-B241-1,Supplier / Commodity,Building,false,true,true,Paired with TECO account; therms are not added twice.
TECO,221009610744,22185-7460,Building 255,"DORM #3, BLDG #255",ZRQ01071,General Service 2 (GS2),GAS-B255-1,Bundled / Utility,Building,true,true,true,
TECO,221009611528,65194-7460,Building 259,CENTER FOR AVIATION SAFETY,AKX03339,General Service 1 - Transportation,GAS-B259-1,Utility / Delivery,Building,true,true,true,Paired with Gas South account; usage is de-duplicated by usage group.
GAS SOUTH,5436183487,65194-7460,Building 259,CENTER FOR AVIATION SAFETY,AKX03339,,GAS-B259-1,Supplier / Commodity,Building,false,true,true,Paired with TECO account; therms are not added twice.
TECO,221009610751,65194-7460,Building 261,NEW FITNESS CENTER,SHL25373,Small General Service,GAS-B261-1,Bundled / Utility,Building,true,true,true,
TECO,221009611551,65194-7460,Building 312/320,AMS Hangar,ALQ15135,Commercial Standby Generator Service,GAS-B312-1,Utility / Delivery,Unknown,true,true,true,Review end-use classification; meter reference is a standby-generator rate.
GAS SOUTH,4287760232,65194-7460,Building 312/320,AMS Hangar,ALQ15135,,GAS-B312-1,Supplier / Commodity,Unknown,false,true,true,Paired with TECO account; review end-use classification.
TECO,221009611577,65194-7460,Building 398Q,Q HANGAR,AHK53002,Small General Service,GAS-B398Q-1,Utility / Delivery,Building,true,true,true,Paired with Gas South account; usage is de-duplicated by usage group.
GAS SOUTH,2880972867,65194-7460,Building 398Q,Q HANGAR,AHK53002,,GAS-B398Q-1,Supplier / Commodity,Building,false,true,true,Paired with TECO account; therms are not added twice.
TECO,221009610777,65194-7460,Building 419,COLLEGE OF ARTS & SCIENCES,ZSC28162,General Service 1 (GS1),GAS-B419-1,Utility / Delivery,Building,true,true,true,Paired with Gas South account; usage is de-duplicated by usage group.
GAS SOUTH,8471898455,65194-7460,Building 419,COLLEGE OF ARTS & SCIENCES,ZSC28162,,GAS-B419-1,Supplier / Commodity,Building,false,true,true,Paired with TECO account; therms are not added twice.
TECO,221009610736,65194-7460,Building 553,ATHLETICS ANNEX,AKX14672,Small General Service,GAS-B553-1,Bundled / Utility,Building,true,true,true,
TECO,211015172755,65194-7460,Building 601,FIELDHOUSE,ANX13797,General Service 2 - Transportation,GAS-B601-1,Utility / Delivery,Building,true,true,true,Paired with Gas South account; usage is de-duplicated by usage group.
GAS SOUTH,8480985016,65194-7460,Building 601,ICI CENTER FIELDHOUSE,ANX13797,,GAS-B601-1,Supplier / Commodity,Building,false,true,true,Paired with TECO account; therms are not added twice.
TECO,221009610785,65194-7460,Building 610,NEW STUDENT UNION GENERATOR,ZS000195,Commercial Standby Generator Service,GAS-B610-GEN,Utility / Delivery,Generator,true,false,true,Excluded from default Site EUI because this account is explicitly identified as generator gas.
TECO,221009610769,65194-7460,Building 610,NEW STUDENT UNION BUILDING,ZRQ00839,Small General Service (SGS),GAS-B610-BLDG,Bundled / Utility,Building,true,true,true,
TECO,221009611585,65194-7460,Building 641/643,S and M Bldgs 641 & 643,SKD11970,Small General Service (SGS),GAS-B641-1,Utility / Delivery,Building,true,true,true,Paired with Gas South account; usage is de-duplicated by usage group.
GAS SOUTH,7812974494,65194-7460,Building 641/643,S and M Bldgs 641 & 643,SKD11970,,GAS-B641-1,Supplier / Commodity,Building,false,true,true,Paired with TECO account; therms are not added twice.
TECO,221009611593,22185-7460,Building1500,STUDENT VILLAGE,APP01036,General Service 2 (GS2),GAS-B1500-1,Utility / Delivery,Building,true,true,true,Paired with Gas South account; usage is de-duplicated by usage group.
GAS SOUTH,7048276430,22185-7460,Building1500,STUDENT VILLAGE,APP01036,,GAS-B1500-1,Supplier / Commodity,Building,false,true,true,Paired with TECO account; therms are not added twice.
TECO,221009611809,70010-7460,Building1511,MICAPLEX - RESEARCH PARK,ALX07222,Small General Service (SGS),GAS-B1511-1,Bundled / Utility,Building,true,true,true,
TECO,221009628480,70010-7460,Building 1529,AVIATION CENTER PKWY/CAT II,ANR01418,Small General Service,GAS-B1529-1,Bundled / Utility,Building,true,true,true,Building currently has no floor area in the reference table; Gas EUI remains blank until area is entered.
TECO,211009956130,22185-7460,Building 155,"DORM #1, BLDG #155",SN008777,General Service 2 (GS2),GAS-B155-1,Bundled / Utility,Building,true,true,true,Historical utility account; replaced by 221009610710; source history through 2025-12. Kept active as a reference mapping so historical workbook uploads resolve correctly.
TECO,221007027164,22185-7460,Building 201,NEW RESIDENCE HALL - PHASE 2,ZTQ00169,General Service 2 (GS2),GAS-B201-1,Bundled / Utility,Building,true,true,true,Historical utility account; replaced by 221009611510; source history through 2025-12. Kept active as a reference mapping so historical workbook uploads resolve correctly.
TECO,211000448707,22185-7460,Building 221,APOLLO HALL,ANX13788,General Service 2 - Transportation,GAS-B221-1,Utility / Delivery,Building,true,true,true,Paired with Gas South account; usage is de-duplicated by usage group. Historical utility account; replaced by 221009611536; source history through 2025-12. Kept active as a reference mapping so historical workbook uploads resolve correctly.
TECO,211000541576,22185-7460,Building 241,DOOLITTLE HALL,ANX05420,General Service 1 (GS1),GAS-B241-1,Utility / Delivery,Building,true,true,true,Paired with Gas South account; usage is de-duplicated by usage group. Historical utility account; replaced by 221009611544; source history through 2025-12. Kept active as a reference mapping so historical workbook uploads resolve correctly.
TECO,221008138499,22185-7460,Building 255,"DORM #3, BLDG #255",ZRQ01071,General Service 2 (GS2),GAS-B255-1,Bundled / Utility,Building,true,true,true,Historical utility account; replaced by 221009610744; source history through 2025-12. Kept active as a reference mapping so historical workbook uploads resolve correctly.
TECO,211000447683,65194-7460,Building 259,CENTER FOR AVIATION SAFETY,AKX03339,General Service 1 - Transportation,GAS-B259-1,Utility / Delivery,Building,true,true,true,Paired with Gas South account; usage is de-duplicated by usage group. Historical utility account; replaced by 221009611528; source history through 2025-12. Kept active as a reference mapping so historical workbook uploads resolve correctly.
TECO,221008559769,65194-7460,Building 261,NEW FITNESS CENTER,SHL25373,Small General Service,GAS-B261-1,Bundled / Utility,Building,true,true,true,Historical utility account; replaced by 221009610751; source history through 2025-12. Kept active as a reference mapping so historical workbook uploads resolve correctly.
TECO,211007492617,65194-7460,Building 312/320,AMS Hangar,ALQ15135,Commercial Standby Generator Service,GAS-B312-1,Utility / Delivery,Unknown,true,true,true,Review end-use classification; meter reference is a standby-generator rate. Historical utility account; replaced by 221009611551; source history through 2025-12. Kept active as a reference mapping so historical workbook uploads resolve correctly.
TECO,211012630888,65194-7460,Building 398Q,Q HANGAR,AHK53002,Small General Service,GAS-B398Q-1,Utility / Delivery,Building,true,true,true,Paired with Gas South account; usage is de-duplicated by usage group. Historical utility account; replaced by 221009611577; source history through 2025-12. Kept active as a reference mapping so historical workbook uploads resolve correctly.
TECO,211008053459,65194-7460,Building 419,COLLEGE OF ARTS & SCIENCES,ZSC28162,General Service 1 (GS1),GAS-B419-1,Utility / Delivery,Building,true,true,true,Paired with Gas South account; usage is de-duplicated by usage group. Historical utility account; replaced by 221009610777; source history through 2025-12. Kept active as a reference mapping so historical workbook uploads resolve correctly.
TECO,211012495597,65194-7460,Building 553,ATHLETICS ANNEX,AKX14672,Small General Service,GAS-B553-1,Bundled / Utility,Building,true,true,true,Historical utility account; replaced by 221009610736; source history through 2025-12. Kept active as a reference mapping so historical workbook uploads resolve correctly.
TECO,221003715069,65194-7460,Building 610,NEW STUDENT UNION GENERATOR,ZS000195,Commercial Standby Generator Service,GAS-B610-GEN,Utility / Delivery,Generator,true,false,true,Excluded from default Site EUI because this account is explicitly identified as generator gas. Historical utility account; replaced by 221009610785; source history through 2025-12. Kept active as a reference mapping so historical workbook uploads resolve correctly.
TECO,221000541138,65194-7460,Building 610,NEW STUDENT UNION BUILDING,ZRQ00839,Small General Service (SGS),GAS-B610-BLDG,Bundled / Utility,Building,true,true,true,Historical utility account; replaced by 221009610769; source history through 2025-12. Kept active as a reference mapping so historical workbook uploads resolve correctly.
TECO,211006599271,65194-7460,Building 641/643,S and M Bldgs 641 & 643,SKD11970,Small General Service (SGS),GAS-B641-1,Utility / Delivery,Building,true,true,true,Paired with Gas South account; usage is de-duplicated by usage group. Historical utility account; replaced by 221009611585; source history through 2025-12. Kept active as a reference mapping so historical workbook uploads resolve correctly.
TECO,211014126414,22185-7460,Building1500,STUDENT VILLAGE,APP01036,General Service 2 (GS2),GAS-B1500-1,Utility / Delivery,Building,true,true,true,Paired with Gas South account; usage is de-duplicated by usage group. Historical utility account; replaced by 221009611593; source history through 2025-12. Kept active as a reference mapping so historical workbook uploads resolve correctly.
TECO,211010196916,70010-7460,Building1511,MICAPLEX - RESEARCH PARK,ALX07222,Small General Service (SGS),GAS-B1511-1,Bundled / Utility,Building,true,true,true,Historical utility account; replaced by 221009611809; source history through 2025-12. Kept active as a reference mapping so historical workbook uploads resolve correctly.
TECO,TEMP,70010-7460,Building 1529,AVIATION CENTER PKWY/CAT II,ANR01418,Small General Service,GAS-B1529-1,Bundled / Utility,Building,true,true,true,Building currently has no floor area in the reference table; Gas EUI remains blank until area is entered. Historical utility account; replaced by 221009628480; source history through 2025-12. Kept active as a reference mapping so historical workbook uploads resolve correctly.
GAS SOUTH,4933635109,22185-7460,Building 221,APOLLO HALL,ANX13788,,GAS-B221-1,Supplier / Commodity,Building,false,true,true,Paired with TECO account; therms are not added twice. Historical utility account; replaced by 5400595608; source history through 2026-05. Kept active as a reference mapping so historical workbook uploads resolve correctly.
GAS SOUTH,3314087721,22185-7460,Building 241,DOOLITTLE HALL,ANX05420,,GAS-B241-1,Supplier / Commodity,Building,false,true,true,Paired with TECO account; therms are not added twice. Historical utility account; replaced by 9852653823; source history through 2026-05. Kept active as a reference mapping so historical workbook uploads resolve correctly.
GAS SOUTH,4165493167,65194-7460,Building 259,CENTER FOR AVIATION SAFETY,AKX03339,,GAS-B259-1,Supplier / Commodity,Building,false,true,true,Paired with TECO account; therms are not added twice. Historical utility account; replaced by 5436183487; source history through 2026-05. Kept active as a reference mapping so historical workbook uploads resolve correctly.
GAS SOUTH,3898847942,65194-7460,Building 312/320,AMS Hangar,ALQ15135,,GAS-B312-1,Supplier / Commodity,Unknown,false,true,true,Paired with TECO account; review end-use classification. Historical utility account; replaced by 4287760232; source history through 2026-05. Kept active as a reference mapping so historical workbook uploads resolve correctly.
GAS SOUTH,0848235948,65194-7460,Building 398Q,Q HANGAR,AHK53002,,GAS-B398Q-1,Supplier / Commodity,Building,false,true,true,Paired with TECO account; therms are not added twice. Historical utility account; replaced by 2880972867; source history through 2026-05. Kept active as a reference mapping so historical workbook uploads resolve correctly.
GAS SOUTH,6851792728,65194-7460,Building 419,COLLEGE OF ARTS & SCIENCES,ZSC28162,,GAS-B419-1,Supplier / Commodity,Building,false,true,true,Paired with TECO account; therms are not added twice. Historical utility account; replaced by 8471898455; source history through 2026-05. Kept active as a reference mapping so historical workbook uploads resolve correctly.
GAS SOUTH,5916076244,65194-7460,Building 641/643,S and M Bldgs 641 & 643,SKD11970,,GAS-B641-1,Supplier / Commodity,Building,false,true,true,Paired with TECO account; therms are not added twice. Historical utility account; replaced by 7812974494; source history through 2026-05. Kept active as a reference mapping so historical workbook uploads resolve correctly.
GAS SOUTH,5160696031,22185-7460,Building1500,STUDENT VILLAGE,APP01036,,GAS-B1500-1,Supplier / Commodity,Building,false,true,true,Paired with TECO account; therms are not added twice. Historical utility account; replaced by 7048276430; source history through 2026-05. Kept active as a reference mapping so historical workbook uploads resolve correctly.
